Genotype,Location,OHC,WHC,
Raleigh,HUG,6.337662338,3.126213592,
Raleigh,HUG,4.451977401,3.174757282,
Raleigh,HUG,5.133952255,,
Raleigh,HUG,6.232597623,,
N17-30812,HUG,5.306306306,1.255102041,
N17-30812,HUG,6.094594595,1.22,
N17-30812,HUG,5.666666667,1.194174757,
N17-30812,HUG,5.889632107,1.857142857,
NT16-33614,HUG,6.547169811,1.728971963,
NT16-33614,HUG,5.06918239,2.737373737,
NT16-33614,HUG,5.560509554,2.118811881,
NT16-33614,HUG,5.656534954,1.931372549,2.129132533
N17-31806,HUG,5.114649682,1.99009901,
N17-31806,HUG,5.324503311,1.621359223,
N17-31806,HUG,4.993883792,1.352941176,
N17-31806,HUG,4.931232092,0.971153846,
NSPR-ET230,HUG,5.685714286,0.971153846,
NSPR-ET230,HUG,5.865203762,1.421568627,
NSPR-ET230,HUG,5.037735849,0.421568627,
NSPR-ET230,HUG,5.763754045,0.616161616,0.857613179
